,Bins,Contribution,accum,step1,step2,mapped
0,0.0,26194,50.0,1.1581686839,50.6145448018,50.0
1,0.0,309182,45.50322523,13.6704936255,64.2850384273,50.3794341312
2,0.01,27711,45.1001936,1.22524289531,65.5102813226,54.8581011374
3,0.02,29311,44.6738914,1.2959869548,66.8062682774,55.2595098268
4,0.03,28450,44.26011168,1.25791780778,68.0641860852,55.6840953739
5,0.04,32879,43.78191612,1.45374620746,69.5179322926,56.0962088745
6,0.05,29147,43.35799916,1.2887356887,70.8066679813,56.5724788142
7,0.06,29648,42.9267956,1.31088742233,72.1175554037,56.9946887334
8,0.07,30844,42.4781973,1.36376860679,73.4813240104,57.4241559061
9,0.08,29600,42.04769186,1.30876510054,74.790089111,57.8709477799
10,0.09,29467,41.61912078,1.3028845006,76.0929736116,58.2997196469
11,0.1,28311,41.20736269,1.25177191762,77.3447455292,58.7265649376
12,0.11,29096,40.78418748,1.2864807218,78.631226251,59.1366649487
13,0.12,30159,40.34555188,1.33348130632,79.9647075573,59.5581361055
14,0.13,32989,39.86575648,1.45860986155,81.4233174189,59.9950053872
15,0.14,34502,39.36395584,1.5255072128,82.9488246317,60.4728687358
16,0.15,30870,38.91497939,1.36491819776,84.3137428294,60.9726487005
17,0.16,31788,38.45265146,1.40550760189,85.7192504313,61.4198171983
18,0.17,31417,37.99571938,1.3891038231,87.1083542544,61.8802834182
19,0.18,30887,37.54649568,1.36566985339,88.4740241078,62.3353755042
20,0.19,31168,37.09318508,1.37809427884,89.8521183866,62.7827902561
21,0.2,36022,36.56927742,1.59271406931,91.444832456,63.2342754436
22,0.21,34103,36.07327988,1.50786541296,92.9526978689,63.7560734231
23,0.22,34590,35.57019937,1.52939813607,94.482096005,64.250073659
24,0.23,34465,35.06893687,1.52387125642,96.0059672614,64.7511283508
25,0.24,37276,34.52679089,1.64815972594,97.6541269874,65.2503723507
26,0.25,37961,33.97468221,1.67844702641,99.3325740138,65.7903351924
27,0.26,36372,33.4456841,1.60818933233,100.940763346,66.3402206263
28,0.27,37470,32.90071657,1.65673744315,102.597500789,66.8670885434
29,0.28,37334,32.35772704,1.65072419809,104.248224987,67.4098615791
30,0.29,38031,31.80460027,1.68154207901,105.929767066,67.9506645819
31,0.3,50720,31.06692338,2.24258668579,108.172353752,68.5015640033
32,0.31,39026,30.49932523,1.725536041,109.897889793,69.2362703917
33,0.32,39919,29.91873919,1.76502006921,111.662909862,69.8015829214
34,0.33,38401,29.3602311,1.69790164277,113.360811505,70.3798310349
35,0.34,40160,28.77613993,1.77567589317,115.136487398,70.9360901047
36,0.35,43374,28.14530402,1.91778302266,117.054270421,71.5178292323
37,0.36,45943,27.47710431,2.03137145318,119.085641874,72.1461248729
38,0.37,43914,26.83841458,1.94165914274,121.027301017,72.8116338555
39,0.38,45502,26.17662882,2.01187262178,123.039173639,73.4477516855
40,0.39,47874,25.48034445,2.11675068998,125.155924329,74.1068725467
41,0.4,66694,24.51034006,2.94887768971,128.104802018,74.8003530994
42,0.41,50667,23.773434,2.24024328882,130.345045307,75.7664514406
43,0.42,55219,22.97032319,2.44151013807,132.786555445,76.5003900955
44,0.43,55393,22.16468171,2.44920355454,135.235759,77.3002669105
45,0.44,62339,21.25801689,2.75632120279,137.992080203,78.1026642088
46,0.45,69081,20.25329573,3.05441898346,141.046499186,79.0056780404
47,0.46,70600,19.22648208,3.12158162494,144.168080811,80.0063533561
48,0.47,61912,18.32602759,2.73744138191,146.905522193,81.0290322011
49,0.48,61937,17.4252095,2.73854675784,149.644068951,81.9258607088
50,0.49,113358,15.7765191,5.0121281847,154.656197135,82.823051355
51,0.5,73393,14.70908377,3.24507422378,157.901271359,84.4651027503
52,0.51,56835,13.88246969,2.51296163815,160.414232997,85.5282396974
53,0.52,55277,13.07851532,2.44407461022,162.858307608,86.3515251386
54,0.53,46406,12.40358169,2.05184301539,164.910150623,87.1522421147
55,0.54,44286,11.75948156,1.95810713657,166.86825776,87.8244579005
56,0.55,49126,11.04498796,2.17210791653,169.040365676,88.4659643499
57,0.56,31665,10.58444895,1.40006915232,170.440434828,89.1775807938
58,0.57,29490,10.15554336,1.30390144645,171.744336275,89.6362652927
59,0.58,25342,9.78696671,1.12049747223,172.864833747,90.0634437508
60,0.59,23549,9.444467634,1.04121991056,173.906053658,90.4305362053
61,0.6,41694,8.838065815,1.8435017602,175.749555418,90.7716560937
62,0.61,21179,8.530036263,0.936430272444,176.68598569,91.3756160336
63,0.62,16379,8.291818404,0.724198093978,177.410183784,91.6824052016
64,0.63,14842,8.075954831,0.656239581832,178.066423366,91.9196637965
65,0.64,13780,7.875537096,0.609283212346,178.675706578,92.1346581225
66,0.65,12869,7.688369037,0.569003313475,179.244709892,92.3342688093
67,0.66,11456,7.521751796,0.506527465939,179.751237358,92.5206831726
68,0.67,11298,7.357432524,0.499541490064,180.250778848,92.6866294736
69,0.68,9138,7.224528513,0.404037009755,180.654815858,92.8502870599
70,0.69,10430,7.072833521,0.461162837792,181.115978695,92.9826558883
71,0.7,8829,6.944423638,0.390374563266,181.506353259,93.1337400292
72,0.71,8113,6.826427333,0.358716596645,181.865069855,93.261632827
73,0.72,7343,6.719629986,0.324671018016,182.189740873,93.379153981
74,0.73,8838,6.591089206,0.390772498601,182.580513372,93.4855212722
75,0.74,6169,6.501366637,0.272762564366,182.853275936,93.6135444397
76,0.75,12431,6.320568895,0.54963712719,183.402913064,93.7029057116
77,0.76,7110,6.217160325,0.314368914353,183.717281978,93.8829754102
78,0.77,6044,6.129255768,0.267235684718,183.984517663,93.9859675715
79,0.78,5951,6.042703813,0.263123686261,184.247641349,94.0735181514
80,0.79,5789,5.958508002,0.255960850237,184.503602199,94.1597215764
81,0.8,6896,5.858211869,0.304906896396,184.808509095,94.2435783446
82,0.81,5901,5.772387119,0.260912934402,185.06942203,94.3434706012
83,0.82,5908,5.68646056,0.261222439662,185.33064447,94.4289497494
84,0.83,5971,5.599617723,0.264007987004,185.594652457,94.5145302964
85,0.84,5888,5.513982046,0.260338138918,185.854990595,94.6010234321
86,0.85,5438,5.434891215,0.240441372187,186.095431968,94.6863142683
87,0.86,5542,5.354287798,0.245039736054,186.340471704,94.7650866134
88,0.87,5590,5.272986264,0.247162057839,186.587633762,94.8453654541
89,0.88,5136,5.198287752,0.227088430959,186.814722192,94.9263396006
90,0.89,6324,5.106310846,0.279615895129,187.094338088,95.0007373138
91,0.9,7028,5.004094892,0.310743281304,187.405081369,95.0923438437
92,0.91,5320,4.926720266,0.2352239978,187.640305367,95.1941481911
93,0.92,5305,4.849563801,0.234560772242,187.874866139,95.2712112429
94,0.93,5618,4.767855031,0.24840007888,188.123266218,95.3480570116
95,0.94,5683,4.685200896,0.251274056296,188.374540274,95.4294367531
96,0.95,6314,4.593369431,0.279173744757,188.653714019,95.5117580545
97,0.96,5588,4.512096985,0.247073627764,188.900787647,95.6032197291
98,0.97,5139,4.437354841,0.22722107607,189.128008723,95.6841649045
99,0.98,10169,4.28945586,0.449622713088,189.577631436,95.7586060742
100,0.99,5807,4.204998255,0.256756720907,189.834388157,95.9059094903
101,1.0,5422,4.12614013,0.239733931592,190.074122088,95.9900269981
102,1.01,5178,4.050830766,0.22894546252,190.303067551,96.0685675746
103,1.02,4810,3.980873632,0.212674328838,190.51574188,96.1435736802
104,1.03,5266,3.904284387,0.232836385792,190.748578265,96.2132491086
105,1.04,4619,3.837105177,0.204229256736,190.952807522,96.2895299415
106,1.05,4375,3.773474727,0.193440787664,191.14624831,96.3564386325
107,1.06,4458,3.708637117,0.19711063575,191.343358946,96.4198128527
108,1.07,3952,3.651158823,0.174737826937,191.518096773,96.4843893724
109,1.08,3623,3.598465539,0.160191079705,191.678287852,96.5416362108
110,1.09,5281,3.521658132,0.23349961135,191.911787464,96.5941173079
111,1.1,3383,3.472455433,0.149579470781,192.061366934,96.6706154238
112,1.11,3452,3.42224919,0.152630308347,192.213997243,96.7196199922
113,1.12,3382,3.373061035,0.149535255744,192.363532498,96.7696240627
114,1.13,3255,3.32571998,0.143919946022,192.507452445,96.8186141456
115,1.14,3289,3.277884426,0.145423257286,192.652875702,96.8657645654
116,1.15,3008,3.234135765,0.132998831839,192.785874534,96.9134074935
117,1.16,2799,3.193426822,0.123757889068,192.909632423,96.9569799859
118,1.17,2637,3.155074023,0.116595053045,193.026227476,96.9975250013
119,1.18,2454,3.119382795,0.108503701241,193.134731177,97.0357233599
120,1.19,3499,3.068492979,0.154708415094,193.289439592,97.0712708653
121,1.2,2567,3.031158268,0.113500000442,193.402939593,97.121955756
122,1.21,2476,2.995147069,0.109476432059,193.512416025,97.159140127
123,1.22,2516,2.958554107,0.111245033546,193.623661058,97.1950063142
124,1.23,2371,2.924070039,0.104833853155,193.728494911,97.2314519229
125,1.24,2565,2.886764416,0.113411570368,193.841906482,97.2657971289
126,1.25,2330,2.852876656,0.10302103663,193.944927518,97.3029525289
127,1.26,2270,2.819861543,0.1003681344,194.045295653,97.3367038279
128,1.27,2158,2.788475369,0.0954160502354,194.140711703,97.3695859947
129,1.28,2178,2.756798314,0.096300350979,194.237012054,97.4008457815
130,1.29,2278,2.723666848,0.100721854697,194.337733909,97.432395279
131,1.3,2539,2.686739371,0.112261979401,194.449995888,97.4653933301
132,1.31,2203,2.654698712,0.0974057269085,194.547401615,97.5021721061
133,1.32,2244,2.622061746,0.0992185434329,194.646620158,97.534083742
134,1.33,2227,2.589672029,0.0984668878008,194.745087046,97.5665892849
135,1.34,1989,2.560743809,0.0879437089519,194.833030755,97.5988485737
136,1.35,2036,2.531132016,0.0900218156993,194.923052571,97.6276603049
137,1.36,2080,2.500880282,0.0919672773353,195.015019848,97.6571528563
138,1.37,1948,2.47254837,0.0861308924275,195.101150741,97.6872827713
139,1.38,2027,2.443067473,0.0896238803647,195.190774621,97.7155005955
140,1.39,2090,2.412670299,0.0924094277071,195.283184049,97.7448627771
141,1.4,2189,2.380833258,0.0967867163879,195.379970765,97.7751375474
142,1.41,1953,2.352428625,0.0863519676134,195.466322733,97.8068463858
143,1.42,2149,2.321173348,0.0950181149007,195.561340848,97.8351366377
144,1.43,2060,2.291212497,0.0910829765917,195.652423824,97.8662660547
145,1.44,1980,2.262415173,0.0875457736172,195.739969598,97.8961062589
146,1.45,1932,2.234315967,0.0854234518326,195.82539305,97.9247876203
147,1.46,1893,2.20678398,0.0836990653825,195.909092115,97.952773676
148,1.47,2146,2.175572336,0.0948854697892,196.003977585,97.9801947957
149,1.48,2000,2.14648413,0.0884300743608,196.092407659,98.0112807561
150,1.49,1925,2.118486733,0.0851139465723,196.177521606,98.0402518281
151,1.5,2047,2.088714954,0.0905081811083,196.268029787,98.068136485
152,1.51,1721,2.063684554,0.0760940789875,196.344123866,98.0977883773
153,1.52,1895,2.036123479,0.0837874954569,196.427911361,98.1227179849
154,1.53,1731,2.010947637,0.0765362293593,196.504447591,98.1501680757
155,1.54,1655,1.986877147,0.0731758865336,196.577623477,98.1752425386
156,1.55,1633,1.963126627,0.0722031557156,196.649826633,98.1992161007
157,1.56,1632,1.939390652,0.0721589406785,196.721985574,98.2228709811
158,1.57,1575,1.91648369,0.0696386835592,196.791624257,98.2465113759
159,1.58,1498,1.894696624,0.0662341256963,196.857858383,98.2693260952
160,1.59,1634,1.87093156,0.0722473707528,196.930105754,98.2910254282
161,1.6,1503,1.849071774,0.0664552008822,196.996560954,98.3146947941
162,1.61,1437,1.828171898,0.0635370084283,197.060097963,98.3364665548
163,1.62,1392,1.807926507,0.0615473317552,197.121645295,98.3572822701
164,1.63,1339,1.788451953,0.0592039347846,197.180849229,98.3774461363
165,1.64,1305,1.769471899,0.0577006235205,197.238549853,98.396842269
166,1.65,1438,1.74855748,0.0635812234655,197.302131076,98.4157458936
167,1.66,1195,1.731177277,0.0528369694306,197.354968046,98.4365760944
168,1.67,1290,1.712415384,0.0570373979627,197.412005444,98.45388631
169,1.68,1317,1.693260801,0.0582312039666,197.470236648,98.4725726515
170,1.69,1196,1.675866054,0.0528811844678,197.523117832,98.4916501025
171,1.7,1311,1.656798735,0.0579659137435,197.581083746,98.5089748036
172,1.71,1225,1.63898221,0.054163420546,197.635247166,98.5279653413
173,1.72,1151,1.622241947,0.0508915077947,197.686138674,98.545710123
174,1.73,1150,1.605516229,0.0508472927575,197.736985967,98.562382975
175,1.74,1155,1.58871779,0.0510683679434,197.788054335,98.5790413414
176,1.75,1161,1.571832087,0.0513336581665,197.839387993,98.5957721356
177,1.76,1104,1.555775398,0.0488134010472,197.888201394,98.6125898429
178,1.77,1126,1.539398738,0.0497861318652,197.937987526,98.6285818747
179,1.78,1091,1.523531122,0.0482386055638,197.986226132,98.6448925883
180,1.79,1068,1.50799802,0.0472216597087,198.033447791,98.6606963081
181,1.8,1085,1.492217669,0.0479733153408,198.081421107,98.6761668606
182,1.81,1085,1.476437317,0.0479733153408,198.129394422,98.6918836672
183,1.82,987,1.462082288,0.0436402416971,198.173034664,98.7076004739
184,1.83,1033,1.44705823,0.0456741334074,198.218708797,98.7218976979
185,1.84,992,1.43263048,0.043861316883,198.262570114,98.7368612567
186,1.85,1004,1.418028201,0.0443918973291,198.306962011,98.7512309084
187,1.86,890,1.405083949,0.0393513830906,198.346313394,98.7657743866
188,1.87,926,1.39161611,0.0409431244291,198.387256519,98.7786665137
189,1.88,929,1.378104639,0.0410757695406,198.428332288,98.7920801201
190,1.89,1008,1.363444183,0.0445687574779,198.472901046,98.8055371831
191,1.9,983,1.34914733,0.0434633815484,198.516364427,98.8201386034
192,1.91,941,1.335461329,0.0416063499868,198.557970777,98.8343778853
193,1.92,950,1.321644432,0.0420042853214,198.599975063,98.8480087748
194,1.93,955,1.307754814,0.0422253605073,198.642200423,98.861770034
195,1.94,910,1.29451968,0.0402356838342,198.682436107,98.8756037209
196,1.95,865,1.281939031,0.0382460071611,198.720682114,98.8887855587
197,1.96,931,1.268398472,0.041164199615,198.761846314,98.9013155474
198,1.97,918,1.255046985,0.0405894041316,198.802435718,98.9148015815
199,1.98,922,1.241637323,0.0407662642804,198.843201982,98.9280993036
200,1.99,789,1.230162026,0.0348856643354,198.878087647,98.9414549678
201,2.0,812,1.218352214,0.0359026101905,198.913990257,98.9528840557
202,2.01,773,1.207109623,0.0341782237405,198.948168481,98.964646311
203,2.02,782,1.195736134,0.0345761590751,198.98274464,98.9758436304
204,2.03,836,1.183577265,0.0369637710828,199.019708411,98.9871713196
205,2.04,758,1.172552835,0.0335149981828,199.053223409,98.9992812277
206,2.05,832,1.160452141,0.0367869109341,199.09001032,99.010261264
207,2.06,748,1.149573152,0.033072847811,199.123083168,99.02231323
208,2.07,771,1.138359649,0.0340897936661,199.157172961,99.033148411
209,2.08,700,1.128178777,0.0309505260263,199.188123487,99.0443167593
210,2.09,790,1.116688936,0.0349298793725,199.223053367,99.0544566345
211,2.1,701,1.10649352,0.0309947410635,199.254048108,99.065900208
212,2.11,692,1.096429001,0.0305968057289,199.284644913,99.0760545688
213,2.12,702,1.086219041,0.0310389561007,199.31568387,99.0860785597
214,2.13,676,1.076387227,0.029889365134,199.345573235,99.096247406
215,2.14,708,1.066090003,0.0313042463237,199.376877481,99.1060396284
216,2.15,648,1.056665424,0.0286513440929,199.405528825,99.1162953879
217,2.16,615,1.047720801,0.027192247866,199.432721073,99.1256820153
218,2.17,632,1.038528928,0.027943903498,199.460664976,99.1345906199
219,2.18,636,1.029278879,0.0281207636468,199.48878574,99.1437454787
220,2.19,682,1.019359801,0.030154655357,199.518940395,99.1529582796
221,2.2,681,1.009455267,0.0301104403199,199.549050836,99.1628374152
222,2.21,602,1.000699717,0.0266174523826,199.575668288,99.1727020653
223,2.22,622,0.991653285,0.0275017531262,199.603170041,99.181422358
224,2.23,609,0.982795926,0.0269269576429,199.630096999,99.1904323614
225,2.24,584,0.97430217,0.0258215817134,199.655918581,99.1992540528
226,2.25,588,0.965750238,0.0259984418621,199.681917023,99.2077136059
227,2.26,573,0.957416467,0.0253352163044,199.707252239,99.2162311011
228,2.27,636,0.948166418,0.0281207636468,199.735373002,99.2245313132
229,2.28,519,0.940618028,0.0229476042966,199.758320607,99.2337441142
230,2.29,529,0.932924198,0.0233897546684,199.781710361,99.2412621074
231,2.3,571,0.924619515,0.02524678623,199.806957148,99.2489249559
232,2.31,554,0.916562082,0.024495130598,199.831452278,99.257196197
233,2.32,523,0.908955517,0.0231244644454,199.854576743,99.265221184
234,2.33,520,0.901392583,0.0229918193338,199.877568562,99.2727971193
235,2.34,504,0.894062356,0.0222843787389,199.899852941,99.2803295981
236,2.35,514,0.886586687,0.0227265291107,199.92257947,99.2876303083
237,2.36,456,0.879954576,0.0201620569543,199.942741527,99.2950758738
238,2.37,527,0.872289834,0.0233013245941,199.966042851,99.3016812782
239,2.38,479,0.865323209,0.0211790028094,199.987221854,99.3093151557
240,2.39,564,0.857120335,0.0249372809698,200.012159135,99.3162537275
241,2.4,518,0.849586489,0.0229033892595,200.035062524,99.3244235698
242,2.41,521,0.842009012,0.023036034371,200.058098559,99.3319270775
243,2.42,429,0.835769592,0.0189682509504,200.07706681,99.3394740418
244,2.43,498,0.828526629,0.0220190885159,200.099085898,99.3456883367
245,2.44,447,0.822025415,0.0197641216196,200.11885002,99.3529021337
246,2.45,400,0.816207774,0.0176860148722,200.136536035,99.3593771683
247,2.46,388,0.810564662,0.017155434426,200.153691469,99.3651713827
248,2.47,454,0.803961639,0.0200736268799,200.173765096,99.3707917707
249,2.48,458,0.79730044,0.0202504870286,200.194015583,99.3773682041
250,2.49,411,0.791322814,0.0181723802812,200.212187963,99.3840025796
251,2.5,424,0.785156114,0.0187471757645,200.230935139,99.3899561349
252,2.51,407,0.779236664,0.0179955201324,200.248930659,99.3960980022
253,2.52,454,0.772633642,0.0200736268799,200.269004286,99.4019936154
254,2.53,433,0.766336045,0.0191451110991,200.288149397,99.4085700487
255,2.54,439,0.759951184,0.0194104013222,200.307559799,99.4148422858
256,2.55,423,0.753799029,0.0187029607273,200.326262759,99.4212014362
257,2.56,383,0.748228637,0.0169343592401,200.343197119,99.4273288179
258,2.57,414,0.742207379,0.0183050253927,200.361502144,99.4328767782
259,2.58,430,0.735953415,0.0190124659876,200.38051461,99.4388737901
260,2.59,392,0.730252126,0.0173322945747,200.397846905,99.4451025706
261,2.6,381,0.724710823,0.0168459291657,200.414692834,99.4507809008
262,2.61,340,0.719765828,0.0150331126413,200.429725946,99.45629989
263,2.62,355,0.714602672,0.0156963381991,200.445422285,99.4612249723
264,2.63,395,0.708857751,0.0174649396863,200.462887224,99.4663673375
265,2.64,373,0.703432801,0.0164922088683,200.479379433,99.4720891243
266,2.65,361,0.69818238,0.0159616284221,200.495341062,99.4774922292
267,2.66,408,0.692248386,0.0180397351696,200.513380797,99.4827215077
268,2.67,342,0.687274303,0.0151215427157,200.528502339,99.4886316065
269,2.68,406,0.681369397,0.0179513050953,200.546453645,99.4935856598
270,2.69,364,0.676075344,0.0160942735337,200.562547918,99.4994667874
271,2.7,336,0.671188525,0.0148562524926,200.577404171,99.5047395225
272,2.71,359,0.665967192,0.0158731983478,200.593277369,99.5096066627
273,2.72,362,0.660702227,0.0160058434593,200.609283212,99.5148069701
274,2.73,328,0.655931761,0.0145025321952,200.623785745,99.5200507341
275,2.74,316,0.651335825,0.013971951749,200.637757696,99.52480199
276,2.75,356,0.646158124,0.0157405532362,200.65349825,99.5293794194
277,2.76,308,0.641678541,0.0136182314516,200.667116481,99.5345362702
278,2.77,327,0.636922619,0.014458317158,200.681574798,99.5389978153
279,2.78,324,0.63221033,0.0143256720465,200.69590047,99.5437345856
280,2.79,329,0.62742532,0.0145467472324,200.710447217,99.5484278993
281,2.8,287,0.623251163,0.0126897156708,200.723136933,99.5531936406
282,2.81,329,0.618466153,0.0145467472324,200.73768368,99.5573509895
283,2.82,318,0.613841128,0.0140603818234,200.751744062,99.5621167308
284,2.83,254,0.610146926,0.0112306194438,200.762974682,99.5667231313
285,2.84,264,0.606307283,0.0116727698156,200.774647451,99.5704024574
286,2.85,295,0.602016773,0.0130434359682,200.787690887,99.574226639
287,2.86,256,0.598293482,0.0113190495182,200.799009937,99.5784998721
288,2.87,291,0.594061148,0.0128665758195,200.811876513,99.5822081693
289,2.88,308,0.589581565,0.0136182314516,200.825494744,99.5864234603
290,2.89,302,0.585189246,0.0133529412285,200.838847685,99.5908850054
291,2.9,270,0.581262338,0.0119380600387,200.850785745,99.5952596373
292,2.91,271,0.577320886,0.0119822750759,200.862768021,99.599170732
293,2.92,242,0.573801213,0.0107000389977,200.873468059,99.6030963123
294,2.93,314,0.569234365,0.0138835216747,200.887351581,99.606601812
295,2.94,275,0.565234737,0.0121591352246,200.899510716,99.6111502703
296,2.95,261,0.561438726,0.0115401247041,200.911050841,99.6151337928
297,2.96,237,0.557991774,0.0104789638118,200.921529805,99.6189145177
298,2.97,283,0.553875792,0.0125128555221,200.93404266,99.6223475897
299,2.98,258,0.550123414,0.0114074795925,200.94545014,99.6264469964
300,2.99,260,0.546341947,0.0114959096669,200.95694605,99.6301842647
301,3.0,252,0.542676833,0.0111421893695,200.968088239,99.6339505041
302,3.01,287,0.538502676,0.0126897156708,200.980777955,99.6376008592
303,3.02,233,0.5351139,0.010302103663,200.991080058,99.641758208
304,3.03,221,0.531899653,0.00977152321687,201.000851582,99.6451333379
305,3.04,241,0.528394524,0.0106558239605,201.011507406,99.6483346414
306,3.05,268,0.524496705,0.0118496299644,201.023357036,99.6518256556
307,3.06,239,0.521020664,0.0105673938861,201.033924429,99.6557077792
308,3.07,259,0.517253742,0.0114516946297,201.045376124,99.6591698223
309,3.08,243,0.513719525,0.0107442540348,201.056120378,99.6629215762
310,3.09,238,0.510258028,0.0105231788489,201.066643557,99.6664415614
311,3.1,231,0.506898341,0.0102136735887,201.076857231,99.669889119
312,3.11,201,0.503974976,0.00888722247327,201.085744453,99.6732352778
313,3.12,227,0.500673465,0.01003681344,201.095781266,99.6761468706
314,3.13,280,0.496601116,0.0123802104105,201.108161477,99.6794350873
315,3.14,253,0.492921458,0.0111864044066,201.119347881,99.6834910374
316,3.15,242,0.489401785,0.0107000389977,201.13004792,99.687155878
317,3.16,167,0.48697292,0.00738391120913,201.137431831,99.6906613777
318,3.17,183,0.484311349,0.00809135180402,201.145523183,99.6930804622
319,3.18,206,0.481315264,0.00910829765917,201.154631481,99.6957313153
320,3.19,163,0.478944575,0.00720705106041,201.161838532,99.6987153358
321,3.2,219,0.475759417,0.00968309314251,201.171521625,99.7010764781
322,3.21,191,0.472981493,0.00844507210146,201.179966697,99.7042488105
323,3.22,190,0.470218114,0.00840085706428,201.188367554,99.7070155479
324,3.23,179,0.467614719,0.0079144916553,201.196282046,99.7097677998
325,3.24,184,0.464938604,0.0081355668412,201.204417613,99.7123607107
326,3.25,199,0.462044328,0.0087987923989,201.213216405,99.7150260493
327,3.26,194,0.459222772,0.008577717213,201.221794122,99.717908671
328,3.27,184,0.456546657,0.0081355668412,201.229929689,99.720718865
329,3.28,210,0.453492395,0.00928515780789,201.239214847,99.7233842036
330,3.29,145,0.451383501,0.00641118039116,201.245626027,99.7264261662
331,3.3,204,0.448416504,0.00901986758481,201.254645895,99.7285265689
332,3.31,152,0.4462058,0.00672068565142,201.261366581,99.7314816183
333,3.32,158,0.443907832,0.00698597587451,201.268352557,99.7336834198
334,3.33,192,0.441115364,0.00848928713864,201.276841844,99.7359721345
335,3.34,152,0.43890466,0.00672068565142,201.283562529,99.7387533574
336,3.35,170,0.436432163,0.00751655632067,201.291079086,99.7409551589
337,3.36,134,0.434483253,0.00592481498218,201.297003901,99.7434177
338,3.37,165,0.432083476,0.00729548113477,201.304299382,99.7453587618
339,3.38,193,0.429276464,0.00853350217582,201.312832884,99.7477488753
340,3.39,144,0.427182114,0.00636696535398,201.319199849,99.7505445837
341,3.4,159,0.424869601,0.00703019091169,201.32623004,99.7526305009
342,3.41,144,0.42277525,0.00636696535398,201.332597006,99.7549337012
343,3.42,153,0.420550003,0.0067649006886,201.339361906,99.7570196183
344,3.43,151,0.418353843,0.00667647061424,201.346038377,99.7592359054
345,3.44,138,0.416346757,0.0061016751309,201.352140052,99.7614232213
346,3.45,153,0.414121509,0.0067649006886,201.358904953,99.7634222253
347,3.46,127,0.412274408,0.00561530972191,201.364520262,99.7656385123
348,3.47,133,0.410340043,0.005880599945,201.370400862,99.7674781754
349,3.48,155,0.408085707,0.00685333076297,201.377254193,99.7694047517
350,3.49,158,0.405787738,0.00698597587451,201.384240169,99.7716500097
351,3.5,152,0.403577035,0.00672068565142,201.390960855,99.7739387244
352,3.51,151,0.401380875,0.00667647061424,201.397637325,99.7761405259
353,3.52,160,0.399053819,0.00707440594887,201.404711731,99.7783278419
354,3.53,137,0.397061277,0.00605746009372,201.410769191,99.7806455276
355,3.54,131,0.395155999,0.00579216987064,201.416561361,99.7826300461
356,3.55,140,0.393119825,0.00619010520526,201.422751466,99.7845276513
357,3.56,112,0.391490885,0.00495208416421,201.427703551,99.7865556263
358,3.57,112,0.389861946,0.00495208416421,201.432655635,99.7881780064
359,3.58,129,0.387985757,0.00570373979627,201.438359375,99.7898003864
360,3.59,126,0.3861532,0.00557109468473,201.443930469,99.7916690206
361,3.6,121,0.384393363,0.00535001949883,201.449280489,99.7934941981
362,3.61,133,0.382458998,0.005880599945,201.455161089,99.795246948
363,3.62,142,0.380393735,0.00627853527962,201.461439624,99.7971735243
364,3.63,143,0.378313928,0.0063227503168,201.467762374,99.7992304704
365,3.64,115,0.376641357,0.00508472927575,201.472847104,99.801301902
366,3.65,123,0.374852432,0.00543844957319,201.478285553,99.8029677387
367,3.66,123,0.373063507,0.00543844957319,201.483724003,99.8047494596
368,3.67,155,0.370809171,0.00685333076297,201.490577333,99.8065311806
369,3.68,140,0.368772997,0.00619010520526,201.496767439,99.8087764386
370,3.69,126,0.36694044,0.00557109468473,201.502338533,99.8108044137
371,3.7,98,0.365515118,0.00433307364368,201.506671607,99.8126295912
372,3.71,86,0.364264325,0.00380249319752,201.5104741,99.8140491738
373,3.72,126,0.362431768,0.00557109468473,201.516045195,99.8152949299
374,3.73,126,0.360599211,0.00557109468473,201.52161629,99.8171201074
375,3.74,136,0.358621213,0.00601324505654,201.527629535,99.8189452849
376,3.75,99,0.357181347,0.00437728868086,201.532006823,99.8209153178
377,3.76,134,0.355232437,0.00592481498218,201.537931638,99.8223493859
378,3.77,112,0.353603498,0.00495208416421,201.542883722,99.8242904477
379,3.78,132,0.351683676,0.00583638490782,201.548720107,99.8259128278
380,3.79,104,0.35017109,0.00459836386676,201.553318471,99.8278249185
381,3.8,99,0.348731223,0.00437728868086,201.55769576,99.8293314143
382,3.81,105,0.347204093,0.00464257890394,201.562338339,99.8307654824
383,3.82,90,0.345895123,0.00397935334624,201.566317692,99.8322864636
384,3.83,107,0.344338904,0.00473100897831,201.571048701,99.8335901619
385,3.84,97,0.342928126,0.0042888586065,201.57533756,99.8351401142
386,3.85,97,0.341517348,0.0042888586065,201.579626418,99.8365452112
387,3.86,101,0.340048394,0.00446571875522,201.584092137,99.8379503082
388,3.87,87,0.338783057,0.0038467082347,201.587938845,99.8394133474
389,3.88,103,0.337285015,0.00455414882958,201.592492994,99.840673589
390,3.89,126,0.335452458,0.00557109468473,201.598064089,99.8421655992
391,3.9,111,0.333838062,0.00490786912703,201.602971958,99.8439907768
392,3.91,75,0.332747254,0.00331612778853,201.606288086,99.8455986713
393,3.92,81,0.331569182,0.00358141801161,201.609869504,99.8466850865
394,3.93,90,0.330260213,0.00397935334624,201.613848857,99.8478584149
395,3.94,98,0.328834891,0.00433307364368,201.618181931,99.8491621131
396,3.95,102,0.327351392,0.0045099337924,201.622691865,99.8505816957
397,3.96,97,0.325940614,0.0042888586065,201.626980723,99.8520592203
398,3.97,93,0.324588013,0.00411199845778,201.631092722,99.8534643173
399,3.98,59,0.323729911,0.00260868719365,201.633701409,99.8548114722
400,3.99,101,0.322260956,0.00446571875522,201.638167128,99.8556661188
401,4.0,100,0.320806546,0.00442150371804,201.642588631,99.857129158
402,4.01,73,0.319744827,0.00322769771417,201.645816329,99.8585777116
403,4.02,86,0.318494034,0.00380249319752,201.649618822,99.8596351557
404,4.03,80,0.317330506,0.00353720297443,201.653156025,99.8608809118
405,4.04,88,0.316050625,0.00389092327188,201.657046948,99.8620397547
406,4.05,76,0.314945273,0.00336034282571,201.660407291,99.8633144819
407,4.06,91,0.313621759,0.00402356838342,201.66443086,99.8644153826
408,4.07,63,0.312705481,0.00278554734237,201.667216407,99.8657335664
409,4.08,90,0.311396512,0.00397935334624,201.67119576,99.8666461551
410,4.09,65,0.310451145,0.00287397741673,201.674069738,99.8679498534
411,4.1,101,0.308982191,0.00446571875522,201.678535456,99.8688914132
412,4.11,73,0.307920471,0.00322769771417,201.681763154,99.8703544524
413,4.12,68,0.306931472,0.00300662252827,201.684769777,99.8714118965
414,4.13,88,0.305651591,0.00389092327188,201.6886607,99.872396913
415,4.14,71,0.30461896,0.00313926763981,201.691799968,99.8736716401
416,4.15,82,0.303426343,0.00362563304879,201.695425601,99.8747001132
417,4.16,65,0.302480977,0.00287397741673,201.698299578,99.8758879271
418,4.17,85,0.301244728,0.00375827816034,201.702057856,99.876829487
419,4.18,67,0.300270273,0.00296240749109,201.705020264,99.8780607576
420,4.19,70,0.299252186,0.00309505260263,201.708115316,99.8790312885
421,4.2,103,0.297754143,0.00455414882958,201.712669465,99.880045276
422,4.21,71,0.296721512,0.00313926763981,201.715808733,99.8815372862
423,4.22,62,0.295819778,0.00274133230519,201.718550065,99.8825657593
424,4.23,90,0.294510808,0.00397935334624,201.722529418,99.8834638625
425,4.24,61,0.293623618,0.00269711726801,201.725226536,99.8847675607
426,4.25,57,0.292794604,0.00252025711928,201.727746793,99.8856511784
427,4.26,61,0.291907414,0.00269711726801,201.73044391,99.886476854
428,4.27,66,0.290947503,0.00291819245391,201.733362103,99.8873604717
429,4.28,64,0.290016681,0.00282976237955,201.736191865,99.8883165171
430,4.29,75,0.288925873,0.00331612778853,201.739507993,99.8892435914
431,4.3,50,0.288198668,0.00221075185902,201.741718745,99.8903300066
432,4.31,70,0.287180581,0.00309505260263,201.744813797,99.8910542834
433,4.32,67,0.286206126,0.00296240749109,201.747776205,99.8920682709
434,4.33,71,0.285173494,0.00313926763981,201.750915472,99.8930388018
435,4.34,69,0.284169951,0.00305083756545,201.75396631,99.8940672749
436,4.35,46,0.283500923,0.0020338917103,201.756000202,99.8950667769
437,4.36,57,0.282671909,0.00252025711928,201.758520459,99.8957331115
438,4.37,54,0.281886527,0.00238761200774,201.760908071,99.8965587871
439,4.38,84,0.280664823,0.00371406312316,201.764622134,99.897341006
440,4.39,58,0.279821265,0.00256447215646,201.767186606,99.8985577911
441,4.4,59,0.278963163,0.00260868719365,201.769795293,99.8993979522
442,4.41,59,0.27810506,0.00260868719365,201.77240398,99.9002525988
443,4.42,62,0.277203326,0.00274133230519,201.775145313,99.9011072454
444,4.43,39,0.276636106,0.00172438645004,201.776869699,99.9020053486
445,4.44,73,0.275574387,0.00322769771417,201.780097397,99.9025702845
446,4.45,69,0.274570844,0.00305083756545,201.783148234,99.9036277287
447,4.46,54,0.273785462,0.00238761200774,201.785535846,99.9046272307
448,4.47,58,0.272941904,0.00256447215646,201.788100319,99.9054094496
449,4.48,52,0.272185611,0.00229918193338,201.790399501,99.9062496107
450,4.49,55,0.271385685,0.00243182704492,201.792831328,99.9070028586
451,4.5,56,0.270571215,0.0024760420821,201.79530737,99.9077995631
452,4.51,47,0.269887642,0.00207810674748,201.797385476,99.9086107531
453,4.52,60,0.269014996,0.00265290223083,201.800038379,99.9092915733
454,4.53,48,0.268316879,0.00212232178466,201.8021607,99.9101607054
455,4.54,65,0.267371513,0.00287397741673,201.805034678,99.9108560112
456,4.55,57,0.266542499,0.00252025711928,201.807554935,99.911797571
457,4.56,59,0.265684397,0.00260868719365,201.810163622,99.9126232466
458,4.57,45,0.265029912,0.00198967667312,201.812153299,99.9134778932
459,4.58,68,0.264040913,0.00300662252827,201.815159921,99.9141297423
460,4.59,53,0.263270076,0.00234339697056,201.817503318,99.9151147588
461,4.6,38,0.2627174,0.00168017141286,201.81918349,99.9158824922
462,4.61,41,0.262121092,0.0018128165244,201.820996306,99.9164329425
463,4.62,47,0.261437519,0.00207810674748,201.823074413,99.9170268495
464,4.63,44,0.260797578,0.00194546163594,201.825019875,99.9177076697
465,4.64,49,0.260084917,0.00216653682184,201.827186411,99.9183450333
466,4.65,42,0.259474065,0.00185703156158,201.829043443,99.9190548246
467,4.66,63,0.258557786,0.00278554734237,201.83182899,99.9196632171
468,4.67,47,0.257874214,0.00207810674748,201.833907097,99.9205758059
469,4.68,54,0.257088832,0.00238761200774,201.836294709,99.921256626
470,4.69,50,0.256361627,0.00221075185902,201.838505461,99.922038845
471,4.7,43,0.25573623,0.00190124659876,201.840406708,99.9227631218
472,4.71,62,0.254834496,0.00274133230519,201.84314804,99.9233859998
473,4.72,46,0.254165467,0.0020338917103,201.845181932,99.9242841031
474,4.73,49,0.253452806,0.00216653682184,201.847348468,99.9249504377
475,4.74,46,0.252783778,0.0020338917103,201.84938236,99.925660229
476,4.75,51,0.252042028,0.0022549668962,201.851637327,99.9263265637
477,4.76,37,0.251503897,0.00163595637568,201.853273283,99.927065326
478,4.77,26,0.25112575,0.00114959096669,201.854422874,99.9276012908
479,4.78,44,0.250485809,0.00194546163594,201.856368336,99.9279779148
480,4.79,40,0.249904045,0.00176860148722,201.858136938,99.9286152784
481,4.8,35,0.249395002,0.00154752630131,201.859684464,99.9291946998
482,4.81,31,0.248944135,0.00137066615259,201.86105513,99.9297016936
483,4.82,27,0.248551444,0.00119380600387,201.862248936,99.9301507452
484,4.83,31,0.248100577,0.00137066615259,201.863619602,99.9305418547
485,4.84,46,0.247431548,0.0020338917103,201.865653494,99.9309909063
486,4.85,36,0.24690796,0.0015917413385,201.867245235,99.9316572409
487,4.86,38,0.246355284,0.00168017141286,201.868925407,99.9321787202
488,4.87,36,0.245831697,0.0015917413385,201.870517148,99.9327291706
489,4.88,21,0.24552627,0.000928515780789,201.871445664,99.9332506499
490,4.89,45,0.244871786,0.00198967667312,201.87343534,99.9335548462
491,4.9,49,0.244159125,0.00216653682184,201.875601877,99.9342066953
492,4.91,38,0.243606449,0.00168017141286,201.877282049,99.9349164865
493,4.92,39,0.243039229,0.00172438645004,201.879006435,99.9354669369
494,4.93,38,0.242486553,0.00168017141286,201.880686606,99.9360318728
495,4.94,54,0.241701171,0.00238761200774,201.883074218,99.9365823232
496,4.95,30,0.241264848,0.00132645111541,201.88440067,99.9373645421
497,4.96,31,0.240813981,0.00137066615259,201.885771336,99.9377991082
498,4.97,38,0.240261305,0.00168017141286,201.887451507,99.9382481598
499,4.98,29,0.239839526,0.00128223607823,201.888733743,99.9387986102
500,4.99,30,0.239403203,0.00132645111541,201.890060194,99.9392186907
501,5.0,25,0.239039601,0.00110537592951,201.89116557,99.9396532568
502,5.01,40,0.238457836,0.00176860148722,201.892934172,99.9400153952
503,5.02,34,0.237963337,0.00150331126413,201.894437483,99.9405948167
504,5.03,35,0.237454293,0.00154752630131,201.895985009,99.9410873249
505,5.04,38,0.236901617,0.00168017141286,201.897665181,99.9415943187
506,5.05,32,0.236436206,0.00141488118977,201.899080062,99.942144769
507,5.06,17,0.236188956,0.000751655632067,201.899831718,99.9426083062
508,5.07,25,0.235825354,0.00110537592951,201.900937093,99.9428545603
509,5.08,25,0.235461751,0.00110537592951,201.902042469,99.9432166987
510,5.09,28,0.235054516,0.00123802104105,201.90328049,99.9435788371
511,5.1,35,0.234545473,0.00154752630131,201.904828017,99.9439844321
512,5.11,34,0.234050973,0.00150331126413,201.906331328,99.9444914259
513,5.12,27,0.233658283,0.00119380600387,201.907525134,99.9449839341
514,5.13,59,0.23280018,0.00260868719365,201.910133821,99.9453750436
515,5.14,24,0.232451122,0.00106116089233,201.911194982,99.9462296902
516,5.15,32,0.231985711,0.00141488118977,201.912609863,99.9465773431
517,5.16,32,0.231520299,0.00141488118977,201.914024745,99.9470408802
518,5.17,32,0.231054888,0.00141488118977,201.915439626,99.9475044174
519,5.18,22,0.230734918,0.000972730817969,201.916412357,99.9479679545
520,5.19,20,0.230444036,0.000884300743608,201.917296657,99.9482866363
521,5.2,19,0.230167698,0.000840085706428,201.918136743,99.948576347
522,5.21,29,0.229745919,0.00128223607823,201.919418979,99.9488515722
523,5.22,30,0.229309596,0.00132645111541,201.92074543,99.9492716528
524,5.23,27,0.228916905,0.00119380600387,201.921939236,99.9497062188
525,5.24,32,0.228451494,0.00141488118977,201.923354117,99.9500973283
526,5.25,37,0.227913362,0.00163595637568,201.924990074,99.9505608655
527,5.26,23,0.227578848,0.00101694585515,201.92600702,99.9510968303
528,5.27,21,0.227273421,0.000928515780789,201.926935535,99.9514299976
529,5.28,31,0.226822554,0.00137066615259,201.928306202,99.9517341939
530,5.29,23,0.22648804,0.00101694585515,201.929323147,99.9521832455
531,5.3,36,0.225964452,0.0015917413385,201.930914889,99.9525164128
532,5.31,35,0.225455409,0.00154752630131,201.932462415,99.9530378921
533,5.32,26,0.225077262,0.00114959096669,201.933612006,99.9535448859
534,5.33,34,0.224582762,0.00150331126413,201.935115317,99.9539215098
535,5.34,27,0.224190072,0.00119380600387,201.936309123,99.9544140181
536,5.35,32,0.22372466,0.00141488118977,201.937724004,99.9548051275
537,5.36,17,0.223477411,0.000751655632067,201.93847566,99.9552686647
538,5.37,29,0.223055632,0.00128223607823,201.939757896,99.9555149188
539,5.38,12,0.222881102,0.000530580446165,201.940288477,99.9559349993
540,5.39,26,0.222502956,0.00114959096669,201.941438068,99.9561088258
541,5.4,20,0.222212074,0.000884300743608,201.942322368,99.9564854497
542,5.41,22,0.221892103,0.000972730817969,201.943295099,99.9567751604
543,5.42,25,0.221528501,0.00110537592951,201.944400475,99.9570938422
544,5.43,25,0.221164898,0.00110537592951,201.945505851,99.9574559806
545,5.44,18,0.220903104,0.000795870669248,201.946301722,99.957818119
546,5.45,31,0.220452237,0.00137066615259,201.947672388,99.9580788587
547,5.46,29,0.220030458,0.00128223607823,201.948954624,99.9585279103
548,5.47,36,0.219506871,0.0015917413385,201.950546365,99.9589479908
549,5.48,18,0.219245077,0.000795870669248,201.951342236,99.9594694701
550,5.49,20,0.218954195,0.000884300743608,201.952226537,99.9597302098
551,5.5,14,0.218750577,0.000619010520526,201.952845547,99.9600199205
552,5.51,23,0.218416063,0.00101694585515,201.953862493,99.960222718
553,5.52,22,0.218096093,0.000972730817969,201.954835224,99.9605558853
554,5.53,23,0.217761578,0.00101694585515,201.95585217,99.9608745671
555,5.54,24,0.21741252,0.00106116089233,201.956913331,99.9612077345
556,5.55,27,0.217019829,0.00119380600387,201.958107137,99.9615553873
557,5.56,10,0.216874388,0.000442150371804,201.958549287,99.9619464968
558,5.57,24,0.21652533,0.00106116089233,201.959610448,99.9620913522
559,5.58,22,0.216205359,0.000972730817969,201.960583179,99.962439005
560,5.59,17,0.215958109,0.000751655632067,201.961334834,99.9627576868
561,5.6,24,0.215609051,0.00106116089233,201.962395995,99.9630039409
562,5.61,23,0.215274537,0.00101694585515,201.963412941,99.9633515938
563,5.62,18,0.215012743,0.000795870669248,201.964208812,99.9636847611
564,5.63,16,0.214780037,0.000707440594887,201.964916252,99.9639455008
565,5.64,26,0.214401891,0.00114959096669,201.966065843,99.9641772694
566,5.65,15,0.214183729,0.000663225557706,201.966729069,99.9645538933
567,5.66,13,0.213994656,0.000574795483346,201.967303864,99.9647711763
568,5.67,20,0.213703774,0.000884300743608,201.968188165,99.9649594883
569,5.68,16,0.213471068,0.000707440594887,201.968895606,99.965249199
570,5.69,27,0.213078377,0.00119380600387,201.970089412,99.9654809676
571,5.7,17,0.212831127,0.000751655632067,201.970841067,99.9658720771
572,5.71,16,0.212598422,0.000707440594887,201.971548508,99.9661183312
573,5.72,16,0.212365716,0.000707440594887,201.972255948,99.9663500998
574,5.73,28,0.211958481,0.00123802104105,201.97349397,99.9665818683
575,5.74,20,0.211667599,0.000884300743608,201.97437827,99.9669874633
576,5.75,13,0.211478526,0.000574795483346,201.974953066,99.9672771741
577,5.76,18,0.211216732,0.000795870669248,201.975748936,99.967465486
578,5.77,29,0.210794953,0.00128223607823,201.977031172,99.9677262257
579,5.78,16,0.210562247,0.000707440594887,201.977738613,99.9681463062
580,5.79,11,0.210402262,0.000486365408985,201.978224978,99.9683780748
581,5.8,16,0.210169557,0.000707440594887,201.978932419,99.9685374157
582,5.81,18,0.209907763,0.000795870669248,201.97972829,99.9687691843
583,5.82,17,0.209660513,0.000751655632067,201.980479945,99.9690299239
584,5.83,16,0.209427807,0.000707440594887,201.981187386,99.969276178
585,5.84,19,0.209151469,0.000840085706428,201.982027472,99.9695079466
586,5.85,21,0.208846043,0.000928515780789,201.982955987,99.9697831718
587,5.86,20,0.208555161,0.000884300743608,201.983840288,99.9700873681
588,5.87,16,0.208322456,0.000707440594887,201.984547729,99.9703770788
589,5.88,10,0.208177015,0.000442150371804,201.984989879,99.9706088474
590,5.89,23,0.2078425,0.00101694585515,201.986006825,99.9707537027
591,5.9,17,0.20759525,0.000751655632067,201.986758481,99.97108687
592,5.91,11,0.207435265,0.000486365408985,201.987244846,99.9713331242
593,5.92,23,0.207100751,0.00101694585515,201.988261792,99.9714924651
594,5.93,9,0.206969854,0.000397935334624,201.988659727,99.9718256324
595,5.94,7,0.206868045,0.000309505260263,201.988969233,99.9719560022
596,5.95,25,0.206504443,0.00110537592951,201.990074608,99.972057401
597,5.96,18,0.206242649,0.000795870669248,201.990870479,99.9724195394
598,5.97,15,0.206024487,0.000663225557706,201.991533705,99.972680279
599,5.98,18,0.205762693,0.000795870669248,201.992329575,99.9728975621
600,5.99,14,0.205559076,0.000619010520526,201.992948586,99.9731583017
601,6.0,16,0.20532637,0.000707440594887,201.993656026,99.9733610992
602,6.01,13,0.205137297,0.000574795483346,201.994230822,99.9735928678
603,6.02,15,0.204919136,0.000663225557706,201.994894048,99.9737811798
604,6.03,6,0.204831871,0.000265290223083,201.995159338,99.9739984628
605,6.04,23,0.204497357,0.00101694585515,201.996176284,99.974085376
606,6.05,22,0.204177386,0.000972730817969,201.997149014,99.9744185433
607,6.06,13,0.203988313,0.000574795483346,201.99772381,99.9747372251
608,6.07,9,0.203857416,0.000397935334624,201.998121745,99.9749255371
609,6.08,13,0.203668343,0.000574795483346,201.998696541,99.9750559069
610,6.09,14,0.203464725,0.000619010520526,201.999315551,99.9752442189
611,6.1,20,0.203173843,0.000884300743608,202.000199852,99.9754470164
612,6.11,12,0.202999314,0.000530580446165,202.000730432,99.9757367271
613,6.12,10,0.202853873,0.000442150371804,202.001172583,99.9759105536
614,6.13,16,0.202621167,0.000707440594887,202.001880023,99.9760554089
615,6.14,16,0.202388462,0.000707440594887,202.002587464,99.9762871775
616,6.15,20,0.20209758,0.000884300743608,202.003471765,99.9765189461
617,6.16,9,0.201966683,0.000397935334624,202.0038697,99.9768086568
618,6.17,10,0.201821242,0.000442150371804,202.00431185,99.9769390266
619,6.18,7,0.201719433,0.000309505260263,202.004621356,99.977083882
620,6.19,10,0.201573992,0.000442150371804,202.005063506,99.9771852807
621,6.2,20,0.20128311,0.000884300743608,202.005947807,99.9773301361
622,6.21,14,0.201079492,0.000619010520526,202.006566817,99.9776198468
623,6.22,9,0.200948595,0.000397935334624,202.006964753,99.9778226443
624,6.23,27,0.200555905,0.00119380600387,202.008158559,99.9779530141
625,6.24,15,0.200337743,0.000663225557706,202.008821784,99.9783441236
626,6.25,10,0.200192302,0.000442150371804,202.009263935,99.9785614066
627,6.26,12,0.200017773,0.000530580446165,202.009794515,99.978706262
628,6.27,5,0.199945052,0.000221075185902,202.01001559,99.9788800884
629,6.28,15,0.199726891,0.000663225557706,202.010678816,99.9789525161
630,6.29,6,0.199639626,0.000265290223083,202.010944106,99.9791697992
631,6.3,16,0.199406921,0.000707440594887,202.011651547,99.9792567124
632,6.31,9,0.199276024,0.000397935334624,202.012049482,99.979488481
633,6.32,10,0.199130583,0.000442150371804,202.012491632,99.9796188508
634,6.33,8,0.19901423,0.000353720297443,202.012845353,99.9797637061
635,6.34,15,0.198796068,0.000663225557706,202.013508578,99.9798795904
636,6.35,11,0.198636083,0.000486365408985,202.013994944,99.9800968735
637,6.36,11,0.198476098,0.000486365408985,202.014481309,99.9802562144
638,6.37,11,0.198316113,0.000486365408985,202.014967674,99.9804155553
639,6.38,5,0.198243392,0.000221075185902,202.01518875,99.9805748962
640,6.39,10,0.198097951,0.000442150371804,202.0156309,99.9806473238
641,6.4,12,0.197923422,0.000530580446165,202.01616148,99.9807921792
642,6.41,11,0.197763437,0.000486365408985,202.016647846,99.9809660056
643,6.42,4,0.197705261,0.000176860148722,202.016824706,99.9811253465
644,6.43,11,0.197545275,0.000486365408985,202.017311071,99.9811832887
645,6.44,6,0.197458011,0.000265290223083,202.017576362,99.9813426296
646,6.45,7,0.197356202,0.000309505260263,202.017885867,99.9814295428
647,6.46,12,0.197181673,0.000530580446165,202.018416447,99.9815309415
648,6.47,15,0.196963511,0.000663225557706,202.019079673,99.981704768
649,6.48,11,0.196803526,0.000486365408985,202.019566038,99.981922051
650,6.49,15,0.196585365,0.000663225557706,202.020229264,99.9820813919
651,6.5,8,0.196469012,0.000353720297443,202.020582984,99.982298675
652,6.51,18,0.196207218,0.000795870669248,202.021378855,99.9824145592
653,6.52,12,0.196032689,0.000530580446165,202.021909435,99.9826752989
654,6.53,15,0.195814527,0.000663225557706,202.022572661,99.9828491253
655,6.54,8,0.195698174,0.000353720297443,202.022926381,99.9830664084
656,6.55,8,0.195581822,0.000353720297443,202.023280101,99.9831822926
657,6.56,12,0.195407292,0.000530580446165,202.023810682,99.9832981769
658,6.57,8,0.19529094,0.000353720297443,202.024164402,99.9834720034
659,6.58,6,0.195203675,0.000265290223083,202.024429692,99.9835878877
660,6.59,10,0.195058234,0.000442150371804,202.024871843,99.9836748009
661,6.6,10,0.194912793,0.000442150371804,202.025313993,99.9838196562
662,6.61,9,0.194781896,0.000397935334624,202.025711928,99.9839645116
663,6.62,8,0.194665543,0.000353720297443,202.026065649,99.9840948814
664,6.63,18,0.194403749,0.000795870669248,202.026861519,99.9842107657
665,6.64,5,0.194331029,0.000221075185902,202.027082595,99.9844715054
666,6.65,5,0.194258308,0.000221075185902,202.02730367,99.984543933
667,6.66,1,0.194243764,4.42150371804e-05,202.027347885,99.9846163607
668,6.67,6,0.194156499,0.000265290223083,202.027613175,99.9846308463
669,6.68,4,0.194098323,0.000176860148722,202.027790035,99.9847177595
670,6.69,17,0.193851073,0.000751655632067,202.028541691,99.9847757016
671,6.7,11,0.193691088,0.000486365408985,202.029028056,99.9850219557
672,6.71,14,0.193487471,0.000619010520526,202.029647067,99.9851812966
673,6.72,12,0.193312942,0.000530580446165,202.030177647,99.9853840941
674,6.73,11,0.193152956,0.000486365408985,202.030664013,99.9855579206
675,6.74,9,0.193022059,0.000397935334624,202.031061948,99.9857172615
676,6.75,6,0.192934795,0.000265290223083,202.031327238,99.9858476313
677,6.76,7,0.192832986,0.000309505260263,202.031636743,99.9859345445
678,6.77,7,0.192731177,0.000309505260263,202.031946249,99.9860359433
679,6.78,5,0.192658457,0.000221075185902,202.032167324,99.986137342
680,6.79,7,0.192556648,0.000309505260263,202.032476829,99.9862097697
681,6.8,4,0.192498472,0.000176860148722,202.032653689,99.9863111684
682,6.81,11,0.192338487,0.000486365408985,202.033140055,99.9863691106
683,6.82,10,0.192193046,0.000442150371804,202.033582205,99.9865284515
684,6.83,15,0.191974884,0.000663225557706,202.034245431,99.9866733068
685,6.84,9,0.191843987,0.000397935334624,202.034643366,99.9868905899
686,6.85,8,0.191727634,0.000353720297443,202.034997086,99.9870209597
687,6.86,8,0.191611282,0.000353720297443,202.035350807,99.987136844
688,6.87,10,0.19146584,0.000442150371804,202.035792957,99.9872527283
689,6.88,9,0.191334944,0.000397935334624,202.036190892,99.9873975836
690,6.89,2,0.191305855,8.84300743608e-05,202.036279322,99.9875279535
691,6.9,3,0.191262223,0.000132645111541,202.036411967,99.9875569245
692,6.91,10,0.191116782,0.000442150371804,202.036854118,99.9876003811
693,6.92,9,0.190985885,0.000397935334624,202.037252053,99.9877452365
694,6.93,7,0.190884076,0.000309505260263,202.037561558,99.9878756063
695,6.94,4,0.1908259,0.000176860148722,202.037738419,99.9879770051
696,6.95,6,0.190738635,0.000265290223083,202.038003709,99.9880349472
697,6.96,15,0.190520474,0.000663225557706,202.038666934,99.9881218604
698,6.97,6,0.190433209,0.000265290223083,202.038932225,99.9883391435
699,6.98,2,0.190404121,8.84300743608e-05,202.039020655,99.9884260567
700,6.99,3,0.190360489,0.000132645111541,202.0391533,99.9884550278
701,7.0,11,0.190200504,0.000486365408985,202.039639665,99.9884984844
702,7.01,0,0.190200504,0.0,202.039639665,99.9886578253
703,7.02,10,0.190055063,0.000442150371804,202.040081816,99.9886578253
704,7.03,5,0.189982342,0.000221075185902,202.040302891,99.9888026806
705,7.04,7,0.189880533,0.000309505260263,202.040612396,99.9888751083
706,7.05,8,0.18976418,0.000353720297443,202.040966116,99.9889765071
707,7.06,3,0.189720548,0.000132645111541,202.041098761,99.9890923914
708,7.07,7,0.189618739,0.000309505260263,202.041408267,99.989135848
709,7.08,2,0.189589651,8.84300743608e-05,202.041496697,99.9892372467
710,7.09,5,0.189516931,0.000221075185902,202.041717772,99.9892662178
711,7.1,17,0.189269681,0.000751655632067,202.042469428,99.9893386455
712,7.11,4,0.189211505,0.000176860148722,202.042646288,99.9895848996
713,7.12,13,0.189022431,0.000574795483346,202.043221083,99.9896428417
714,7.13,5,0.188949711,0.000221075185902,202.043442158,99.9898311537
715,7.14,5,0.18887699,0.000221075185902,202.043663234,99.9899035814
716,7.15,1,0.188862446,4.42150371804e-05,202.043707449,99.9899760091
717,7.16,3,0.188818814,0.000132645111541,202.043840094,99.9899904946
718,7.17,5,0.188746093,0.000221075185902,202.044061169,99.9900339512
719,7.18,5,0.188673373,0.000221075185902,202.044282244,99.9901063789
720,7.19,2,0.188644285,8.84300743608e-05,202.044370674,99.9901788066
721,7.2,3,0.188600652,0.000132645111541,202.044503319,99.9902077776
722,7.21,7,0.188498844,0.000309505260263,202.044812824,99.9902512342
723,7.22,6,0.188411579,0.000265290223083,202.045078115,99.990352633
724,7.23,4,0.188353402,0.000176860148722,202.045254975,99.9904395462
725,7.24,11,0.188193417,0.000486365408985,202.04574134,99.9904974884
726,7.25,8,0.188077065,0.000353720297443,202.046095061,99.9906568292
727,7.26,5,0.188004344,0.000221075185902,202.046316136,99.9907727135
728,7.27,4,0.187946168,0.000176860148722,202.046492996,99.9908451412
729,7.28,3,0.187902535,0.000132645111541,202.046625641,99.9909030834
730,7.29,5,0.187829815,0.000221075185902,202.046846716,99.99094654
731,7.3,4,0.187771638,0.000176860148722,202.047023576,99.9910189677
732,7.31,6,0.187684374,0.000265290223083,202.047288867,99.9910769098
733,7.32,5,0.187611653,0.000221075185902,202.047509942,99.991163823
734,7.33,11,0.187451668,0.000486365408985,202.047996307,99.9912362507
735,7.34,2,0.18742258,8.84300743608e-05,202.048084737,99.9913955916
736,7.35,6,0.187335315,0.000265290223083,202.048350027,99.9914245627
737,7.36,4,0.187277139,0.000176860148722,202.048526888,99.9915114759
738,7.37,8,0.187160786,0.000353720297443,202.048880608,99.991569418
739,7.38,0,0.187160786,0.0,202.048880608,99.9916853023
740,7.39,4,0.18710261,0.000176860148722,202.049057468,99.9916853023
741,7.4,4,0.187044433,0.000176860148722,202.049234328,99.9917432445
742,7.41,3,0.187000801,0.000132645111541,202.049366973,99.9918011866
743,7.42,1,0.186986257,4.42150371804e-05,202.049411188,99.9918446432
744,7.43,2,0.186957169,8.84300743608e-05,202.049499618,99.9918591287
745,7.44,2,0.18692808,8.84300743608e-05,202.049588048,99.9918880998
746,7.45,2,0.186898992,8.84300743608e-05,202.049676479,99.9919170709
747,7.46,1,0.186884448,4.42150371804e-05,202.049720694,99.991946042
748,7.47,5,0.186811728,0.000221075185902,202.049941769,99.9919605275
749,7.48,6,0.186724463,0.000265290223083,202.050207059,99.9920329552
750,7.49,4,0.186666287,0.000176860148722,202.050383919,99.9921198684
751,7.5,3,0.186622654,0.000132645111541,202.050516564,99.9921778105
752,7.51,5,0.186549934,0.000221075185902,202.050737639,99.9922212671
753,7.52,6,0.186462669,0.000265290223083,202.05100293,99.9922936948
754,7.53,1,0.186448125,4.42150371804e-05,202.051047145,99.992380608
755,7.54,10,0.186302684,0.000442150371804,202.051489295,99.9923950936
756,7.55,2,0.186273596,8.84300743608e-05,202.051577725,99.9925399489
757,7.56,7,0.186171787,0.000309505260263,202.05188723,99.99256892
758,7.57,1,0.186157243,4.42150371804e-05,202.051931445,99.9926703188
759,7.58,2,0.186128155,8.84300743608e-05,202.052019876,99.9926848043
760,7.59,4,0.186069978,0.000176860148722,202.052196736,99.9927137754
761,7.6,3,0.186026346,0.000132645111541,202.052329381,99.9927717175
762,7.61,0,0.186026346,0.0,202.052329381,99.9928151741
763,7.62,2,0.185997258,8.84300743608e-05,202.052417811,99.9928151741
764,7.63,4,0.185939081,0.000176860148722,202.052594671,99.9928441452
765,7.64,7,0.185837273,0.000309505260263,202.052904176,99.9929020873
766,7.65,12,0.185662743,0.000530580446165,202.053434757,99.9930034861
767,7.66,1,0.185648199,4.42150371804e-05,202.053478972,99.9931773125
768,7.67,1,0.185633655,4.42150371804e-05,202.053523187,99.9931917981
769,7.68,2,0.185604567,8.84300743608e-05,202.053611617,99.9932062836
770,7.69,8,0.185488214,0.000353720297443,202.053965337,99.9932352547
771,7.7,3,0.185444582,0.000132645111541,202.054097982,99.993351139
772,7.71,5,0.185371861,0.000221075185902,202.054319057,99.9933945956
773,7.72,5,0.185299141,0.000221075185902,202.054540133,99.9934670232
774,7.73,2,0.185270053,8.84300743608e-05,202.054628563,99.9935394509
775,7.74,2,0.185240965,8.84300743608e-05,202.054716993,99.993568422
776,7.75,10,0.185095523,0.000442150371804,202.055159143,99.9935973931
777,7.76,5,0.185022803,0.000221075185902,202.055380218,99.9937422484
778,7.77,2,0.184993715,8.84300743608e-05,202.055468648,99.9938146761
779,7.78,2,0.184964627,8.84300743608e-05,202.055557079,99.9938436472
780,7.79,5,0.184891906,0.000221075185902,202.055778154,99.9938726183
781,7.8,4,0.18483373,0.000176860148722,202.055955014,99.9939450459
782,7.81,8,0.184717377,0.000353720297443,202.056308734,99.9940029881
783,7.82,3,0.184673745,0.000132645111541,202.056441379,99.9941188724
784,7.83,1,0.1846592,4.42150371804e-05,202.056485594,99.994162329
785,7.84,4,0.184601024,0.000176860148722,202.056662454,99.9941768145
786,7.85,2,0.184571936,8.84300743608e-05,202.056750885,99.9942347567
787,7.86,5,0.184499215,0.000221075185902,202.05697196,99.9942637277
788,7.87,2,0.184470127,8.84300743608e-05,202.05706039,99.9943361554
789,7.88,1,0.184455583,4.42150371804e-05,202.057104605,99.9943651265
790,7.89,1,0.184441039,4.42150371804e-05,202.05714882,99.994379612
791,7.9,3,0.184397407,0.000132645111541,202.057281465,99.9943940975
792,7.91,6,0.184310142,0.000265290223083,202.057546755,99.9944375542
793,7.92,1,0.184295598,4.42150371804e-05,202.05759097,99.9945244674
794,7.93,2,0.18426651,8.84300743608e-05,202.0576794,99.9945389529
795,7.94,3,0.184222877,0.000132645111541,202.057812045,99.994567924
796,7.95,3,0.184179245,0.000132645111541,202.057944691,99.9946113806
797,7.96,4,0.184121069,0.000176860148722,202.058121551,99.9946548372
798,7.97,3,0.184077436,0.000132645111541,202.058254196,99.9947127793
799,7.98,2,0.184048348,8.84300743608e-05,202.058342626,99.994756236
800,7.99,8,0.183931995,0.000353720297443,202.058696346,99.994785207
801,8.0,1,0.183917451,4.42150371804e-05,202.058740561,99.9949010913
802,8.01,6,0.183830187,0.000265290223083,202.059005851,99.9949155768
803,8.02,0,0.183830187,0.0,202.059005851,99.9950024901
804,8.03,0,0.183830187,0.0,202.059005851,99.9950024901
805,8.04,1,0.183815642,4.42150371804e-05,202.059050066,99.9950024901
806,8.05,2,0.183786554,8.84300743608e-05,202.059138497,99.9950169756
807,8.06,1,0.18377201,4.42150371804e-05,202.059182712,99.9950459467
808,8.07,1,0.183757466,4.42150371804e-05,202.059226927,99.9950604322
809,8.08,8,0.183641113,0.000353720297443,202.059580647,99.9950749177
810,8.09,2,0.183612025,8.84300743608e-05,202.059669077,99.995190802
811,8.1,1,0.183597481,4.42150371804e-05,202.059713292,99.9952197731
812,8.11,3,0.183553849,0.000132645111541,202.059845937,99.9952342586
813,8.12,2,0.18352476,8.84300743608e-05,202.059934367,99.9952777152
814,8.13,1,0.183510216,4.42150371804e-05,202.059978582,99.9953066863
815,8.14,0,0.183510216,0.0,202.059978582,99.9953211719
816,8.15,0,0.183510216,0.0,202.059978582,99.9953211719
817,8.16,2,0.183481128,8.84300743608e-05,202.060067012,99.9953211719
818,8.17,2,0.18345204,8.84300743608e-05,202.060155442,99.9953501429
819,8.18,1,0.183437496,4.42150371804e-05,202.060199657,99.995379114
820,8.19,8,0.183321143,0.000353720297443,202.060553378,99.9953935995
821,8.2,3,0.183277511,0.000132645111541,202.060686023,99.9955094838
822,8.21,2,0.183248422,8.84300743608e-05,202.060774453,99.9955529404
823,8.22,5,0.183175702,0.000221075185902,202.060995528,99.9955819115
824,8.23,3,0.18313207,0.000132645111541,202.061128173,99.9956543392
825,8.24,2,0.183102981,8.84300743608e-05,202.061216603,99.9956977958
826,8.25,3,0.183059349,0.000132645111541,202.061349248,99.9957267669
827,8.26,5,0.182986629,0.000221075185902,202.061570324,99.9957702235
828,8.27,0,0.182986629,0.0,202.061570324,99.9958426512
829,8.28,3,0.182942996,0.000132645111541,202.061702969,99.9958426512
830,8.29,1,0.182928452,4.42150371804e-05,202.061747184,99.9958861078
831,8.3,6,0.182841188,0.000265290223083,202.062012474,99.9959005933
832,8.31,1,0.182826643,4.42150371804e-05,202.062056689,99.9959875065
833,8.32,1,0.182812099,4.42150371804e-05,202.062100904,99.9960019921
834,8.33,2,0.182783011,8.84300743608e-05,202.062189334,99.9960164776
835,8.34,2,0.182753923,8.84300743608e-05,202.062277764,99.9960454487
836,8.35,0,0.182753923,0.0,202.062277764,99.9960744197
837,8.36,3,0.182710291,0.000132645111541,202.062410409,99.9960744197
838,8.37,2,0.182681202,8.84300743608e-05,202.062498839,99.9961178763
839,8.38,1,0.182666658,4.42150371804e-05,202.062543054,99.9961468474
840,8.39,2,0.18263757,8.84300743608e-05,202.062631484,99.9961613329
841,8.4,4,0.182579394,0.000176860148722,202.062808345,99.996190304
842,8.41,1,0.18256485,4.42150371804e-05,202.06285256,99.9962482462
843,8.42,7,0.182463041,0.000309505260263,202.063162065,99.9962627317
844,8.43,2,0.182433953,8.84300743608e-05,202.063250495,99.9963641305
845,8.44,1,0.182419409,4.42150371804e-05,202.06329471,99.9963931015
846,8.45,3,0.182375776,0.000132645111541,202.063427355,99.9964075871
847,8.46,1,0.182361232,4.42150371804e-05,202.06347157,99.9964510437
848,8.47,1,0.182346688,4.42150371804e-05,202.063515785,99.9964655292
849,8.48,1,0.182332144,4.42150371804e-05,202.06356,99.9964800147
850,8.49,0,0.182332144,0.0,202.06356,99.9964945003
851,8.5,0,0.182332144,0.0,202.06356,99.9964945003
852,8.51,1,0.1823176,4.42150371804e-05,202.063604215,99.9964945003
853,8.52,1,0.182303056,4.42150371804e-05,202.06364843,99.9965089858
854,8.53,2,0.182273968,8.84300743608e-05,202.06373686,99.9965234713
855,8.54,3,0.182230335,0.000132645111541,202.063869506,99.9965524424
856,8.55,0,0.182230335,0.0,202.063869506,99.996595899
857,8.56,1,0.182215791,4.42150371804e-05,202.063913721,99.996595899
858,8.57,0,0.182215791,0.0,202.063913721,99.9966103846
859,8.58,4,0.182157615,0.000176860148722,202.064090581,99.9966103846
860,8.59,2,0.182128527,8.84300743608e-05,202.064179011,99.9966683267
861,8.6,1,0.182113982,4.42150371804e-05,202.064223226,99.9966972978
862,8.61,1,0.182099438,4.42150371804e-05,202.064267441,99.9967117833
863,8.62,1,0.182084894,4.42150371804e-05,202.064311656,99.9967262689
864,8.63,4,0.182026718,0.000176860148722,202.064488516,99.9967407544
865,8.64,0,0.182026718,0.0,202.064488516,99.9967986965
866,8.65,1,0.182012174,4.42150371804e-05,202.064532731,99.9967986965
867,8.66,3,0.181968541,0.000132645111541,202.064665376,99.9968131821
868,8.67,4,0.181910365,0.000176860148722,202.064842236,99.9968566387
869,8.68,3,0.181866733,0.000132645111541,202.064974881,99.9969145808
870,8.69,7,0.181764924,0.000309505260263,202.065284387,99.9969580374
871,8.7,5,0.181692203,0.000221075185902,202.065505462,99.9970594362
872,8.71,2,0.181663115,8.84300743608e-05,202.065593892,99.9971318639
873,8.72,1,0.181648571,4.42150371804e-05,202.065638107,99.9971608349
874,8.73,1,0.181634027,4.42150371804e-05,202.065682322,99.9971753205
875,8.74,1,0.181619483,4.42150371804e-05,202.065726537,99.997189806
876,8.75,5,0.181546762,0.000221075185902,202.065947612,99.9972042915
877,8.76,0,0.181546762,0.0,202.065947612,99.9972767192
878,8.77,1,0.181532218,4.42150371804e-05,202.065991827,99.9972767192
879,8.78,1,0.181517674,4.42150371804e-05,202.066036042,99.9972912048
880,8.79,5,0.181444954,0.000221075185902,202.066257118,99.9973056903
881,8.8,2,0.181415865,8.84300743608e-05,202.066345548,99.997378118
882,8.81,1,0.181401321,4.42150371804e-05,202.066389763,99.997407089
883,8.82,1,0.181386777,4.42150371804e-05,202.066433978,99.9974215746
884,8.83,0,0.181386777,0.0,202.066433978,99.9974360601
885,8.84,0,0.181386777,0.0,202.066433978,99.9974360601
886,8.85,0,0.181386777,0.0,202.066433978,99.9974360601
887,8.86,1,0.181372233,4.42150371804e-05,202.066478193,99.9974360601
888,8.87,2,0.181343145,8.84300743608e-05,202.066566623,99.9974505457
889,8.88,5,0.181270424,0.000221075185902,202.066787698,99.9974795167
890,8.89,0,0.181270424,0.0,202.066787698,99.9975519444
891,8.9,0,0.181270424,0.0,202.066787698,99.9975519444
892,8.91,0,0.181270424,0.0,202.066787698,99.9975519444
893,8.92,3,0.181226792,0.000132645111541,202.066920343,99.9975519444
894,8.93,0,0.181226792,0.0,202.066920343,99.997595401
895,8.94,0,0.181226792,0.0,202.066920343,99.997595401
896,8.95,0,0.181226792,0.0,202.066920343,99.997595401
897,8.96,2,0.181197704,8.84300743608e-05,202.067008773,99.997595401
898,8.97,0,0.181197704,0.0,202.067008773,99.9976243721
899,8.98,1,0.18118316,4.42150371804e-05,202.067052988,99.9976243721
900,8.99,1,0.181168616,4.42150371804e-05,202.067097203,99.9976388576
901,9.0,1,0.181154072,4.42150371804e-05,202.067141418,99.9976533432
902,9.01,1,0.181139528,4.42150371804e-05,202.067185633,99.9976678287
903,9.02,0,0.181139528,0.0,202.067185633,99.9976823142
904,9.03,6,0.181052263,0.000265290223083,202.067450924,99.9976823142
905,9.04,4,0.180994087,0.000176860148722,202.067627784,99.9977692274
906,9.05,3,0.180950454,0.000132645111541,202.067760429,99.9978271696
907,9.06,3,0.180906822,0.000132645111541,202.067893074,99.9978706262
908,9.07,1,0.180892278,4.42150371804e-05,202.067937289,99.9979140828
909,9.08,0,0.180892278,0.0,202.067937289,99.9979285683
910,9.09,3,0.180848645,0.000132645111541,202.068069934,99.9979285683
911,9.1,0,0.180848645,0.0,202.068069934,99.997972025
912,9.11,1,0.180834101,4.42150371804e-05,202.068114149,99.997972025
913,9.12,1,0.180819557,4.42150371804e-05,202.068158364,99.9979865105
914,9.13,2,0.180790469,8.84300743608e-05,202.068246794,99.998000996
915,9.14,1,0.180775925,4.42150371804e-05,202.068291009,99.9980299671
916,9.15,0,0.180775925,0.0,202.068291009,99.9980444526
917,9.16,2,0.180746837,8.84300743608e-05,202.068379439,99.9980444526
918,9.17,0,0.180746837,0.0,202.068379439,99.9980734237
919,9.18,0,0.180746837,0.0,202.068379439,99.9980734237
920,9.19,1,0.180732293,4.42150371804e-05,202.068423654,99.9980734237
921,9.2,0,0.180732293,0.0,202.068423654,99.9980879092
922,9.21,3,0.18068866,0.000132645111541,202.068556299,99.9980879092
923,9.22,0,0.18068866,0.0,202.068556299,99.9981313658
924,9.23,1,0.180674116,4.42150371804e-05,202.068600514,99.9981313658
925,9.24,1,0.180659572,4.42150371804e-05,202.06864473,99.9981458514
926,9.25,0,0.180659572,0.0,202.06864473,99.9981603369
927,9.26,2,0.180630484,8.84300743608e-05,202.06873316,99.9981603369
928,9.27,3,0.180586852,0.000132645111541,202.068865805,99.998189308
929,9.28,2,0.180557763,8.84300743608e-05,202.068954235,99.9982327646
930,9.29,1,0.180543219,4.42150371804e-05,202.06899845,99.9982617357
931,9.3,0,0.180543219,0.0,202.06899845,99.9982762212
932,9.31,0,0.180543219,0.0,202.06899845,99.9982762212
933,9.32,0,0.180543219,0.0,202.06899845,99.9982762212
934,9.33,1,0.180528675,4.42150371804e-05,202.069042665,99.9982762212
935,9.34,0,0.180528675,0.0,202.069042665,99.9982907067
936,9.35,1,0.180514131,4.42150371804e-05,202.06908688,99.9982907067
937,9.36,1,0.180499587,4.42150371804e-05,202.069131095,99.9983051923
938,9.37,0,0.180499587,0.0,202.069131095,99.9983196778
939,9.38,0,0.180499587,0.0,202.069131095,99.9983196778
940,9.39,1,0.180485043,4.42150371804e-05,202.06917531,99.9983196778
941,9.4,0,0.180485043,0.0,202.06917531,99.9983341634
942,9.41,0,0.180485043,0.0,202.06917531,99.9983341634
943,9.42,4,0.180426867,0.000176860148722,202.06935217,99.9983341634
944,9.43,1,0.180412322,4.42150371804e-05,202.069396385,99.9983921055
945,9.44,0,0.180412322,0.0,202.069396385,99.998406591
946,9.45,0,0.180412322,0.0,202.069396385,99.998406591
947,9.46,0,0.180412322,0.0,202.069396385,99.998406591
948,9.47,0,0.180412322,0.0,202.069396385,99.998406591
949,9.48,5,0.180339602,0.000221075185902,202.06961746,99.998406591
950,9.49,1,0.180325058,4.42150371804e-05,202.069661675,99.9984790187
951,9.5,0,0.180325058,0.0,202.069661675,99.9984935043
952,9.51,1,0.180310514,4.42150371804e-05,202.06970589,99.9984935043
953,9.52,0,0.180310514,0.0,202.06970589,99.9985079898
954,9.53,0,0.180310514,0.0,202.06970589,99.9985079898
955,9.54,0,0.180310514,0.0,202.06970589,99.9985079898
956,9.55,0,0.180310514,0.0,202.06970589,99.9985079898
957,9.56,2,0.180281425,8.84300743608e-05,202.06979432,99.9985079898
958,9.57,0,0.180281425,0.0,202.06979432,99.9985369609
959,9.58,1,0.180266881,4.42150371804e-05,202.069838536,99.9985369609
960,9.59,1,0.180252337,4.42150371804e-05,202.069882751,99.9985514464
961,9.6,1,0.180237793,4.42150371804e-05,202.069926966,99.9985659319
962,9.61,1,0.180223249,4.42150371804e-05,202.069971181,99.9985804175
963,9.62,0,0.180223249,0.0,202.069971181,99.998594903
964,9.63,2,0.180194161,8.84300743608e-05,202.070059611,99.998594903
965,9.64,0,0.180194161,0.0,202.070059611,99.9986238741
966,9.65,0,0.180194161,0.0,202.070059611,99.9986238741
967,9.66,2,0.180165073,8.84300743608e-05,202.070148041,99.9986238741
968,9.67,1,0.180150529,4.42150371804e-05,202.070192256,99.9986528451
969,9.68,0,0.180150529,0.0,202.070192256,99.9986673307
970,9.69,0,0.180150529,0.0,202.070192256,99.9986673307
971,9.7,2,0.18012144,8.84300743608e-05,202.070280686,99.9986673307
972,9.71,0,0.18012144,0.0,202.070280686,99.9986963018
973,9.72,1,0.180106896,4.42150371804e-05,202.070324901,99.9986963018
974,9.73,2,0.180077808,8.84300743608e-05,202.070413331,99.9987107873
975,9.74,1,0.180063264,4.42150371804e-05,202.070457546,99.9987397584
976,9.75,0,0.180063264,0.0,202.070457546,99.9987542439
977,9.76,1,0.18004872,4.42150371804e-05,202.070501761,99.9987542439
978,9.77,0,0.18004872,0.0,202.070501761,99.9987687294
979,9.78,1,0.180034176,4.42150371804e-05,202.070545976,99.9987687294
980,9.79,0,0.180034176,0.0,202.070545976,99.998783215
981,9.8,0,0.180034176,0.0,202.070545976,99.998783215
982,9.81,1,0.180019632,4.42150371804e-05,202.070590191,99.998783215
983,9.82,2,0.179990543,8.84300743608e-05,202.070678621,99.9987977005
984,9.83,1,0.179975999,4.42150371804e-05,202.070722836,99.9988266716
985,9.84,0,0.179975999,0.0,202.070722836,99.9988411571
986,9.85,0,0.179975999,0.0,202.070722836,99.9988411571
987,9.86,1,0.179961455,4.42150371804e-05,202.070767051,99.9988411571
988,9.87,1,0.179946911,4.42150371804e-05,202.070811266,99.9988556427
989,9.88,3,0.179903279,0.000132645111541,202.070943911,99.9988701282
990,9.89,1,0.179888735,4.42150371804e-05,202.070988126,99.9989135848
991,9.9,1,0.179874191,4.42150371804e-05,202.071032342,99.9989280703
992,9.91,0,0.179874191,0.0,202.071032342,99.9989425559
993,9.92,0,0.179874191,0.0,202.071032342,99.9989425559
994,9.93,0,0.179874191,0.0,202.071032342,99.9989425559
995,9.94,0,0.179874191,0.0,202.071032342,99.9989425559
996,9.95,0,0.179874191,0.0,202.071032342,99.9989425559
997,9.96,0,0.179874191,0.0,202.071032342,99.9989425559
998,9.97,0,0.179874191,0.0,202.071032342,99.9989425559
999,9.98,0,0.179874191,0.0,202.071032342,99.9989425559
1000,9.99,73,0.178812471,0.00322769771417,202.074260039,99.9989425559
